<?xml version="1.0" encoding="UTF-8" standalone="yes"?>
<addon id="plugin.video.Desenhos lojink" name="Desenhos lojink" version="3.0" provider-name="Lojink">
	<requires>
		<import addon="xbmc.python" version="2.1.0"/>
		<import addon="script.module.urlresolver" version="2.10.0"/>
	</requires>
    <extension point="xbmc.python.pluginsource" library="default.py">
		<provides>video</provides>
	</extension>
	<extension point="xbmc.addon.metadata">
		<platform>all</platform>
		<summary>Desenhos lojink</summary>
		<description>Desenhos lojink</description>
	</extension>
</addon>