<?xml version="1.0" encoding="UTF-8" standalone="yes"?>
<addon id="plugin.video.Torrent Player" name="Torrent Player" version="2.0" provider-name="Lojink">
  <requires>
    <import addon="xbmc.python" version="2.1.0"/>
		<import addon="script.module.urlresolver" version="2.10.0"/>
  </requires>
    <extension point="xbmc.python.pluginsource"
               library="default.py">
        <provides>video</provides>
    </extension>
    <extension point="xbmc.addon.metadata">
        <platform>all</platform>
        <summary></summary>
        <description></description>
    </extension>
</addon>